Name,anomalies,node_shape,Amount,Year,Region,Product,x,y
EASTRONICS,1,star,10.0,2024,Taiwan,Emb POR,0.5184662127776855,-0.21576125988790099
Universal Global Scientific Industr,1,circle,10.13365,2024,Taiwan,Emb POR,0.4841184516153682,0.2843126823240303
SERTEK  INCORPORATED,0,star,40.858162,2024,Taiwan,Emb POR,0.32245388827616145,0.3452963444437692
A-trust Computer Corp.,0,circle,13.515347,2024,Taiwan,Emb POR,0.2941187591620811,-0.24102888811319362
Advantech,0,circle,60.0,2024,Taiwan,Emb POR,0.7170750987057123,-0.08934836529690258
Ennoconn,0,circle,12.162703,2024,Taiwan,Emb POR,0.9088046701628262,0.31701150931719774
Jet Way,0,circle,14.420043,2024,Taiwan,Emb POR,0.7570436845884279,0.7399086162493098
Lanner Electronics Inc.,0,circle,27.648252,2024,Taiwan,Emb POR,0.3507942717274113,0.9316282026226608
U.s.i.,0,circle,11.801639,2024,Taiwan,Emb POR,-0.07212432229522313,0.7799454937222348
其陽,0,circle,11.631477,2024,Taiwan,Emb POR,-0.26392101360469306,0.37364139741818186
振樺電子股份有限公司,0,circle,14.39512,2024,Taiwan,Emb POR,-0.11215722575640753,-0.0492892357076527
SYNNEX TECHNOLOGY INT'L CORP,0,star,32.61534,2024,Taiwan,Emb POR,-0.21741159544137625,0.4195143763977652
Mitac Computing Technology Corporation,0,circle,15.543594,2024,Taiwan,Emb POR,0.3255717356582206,0.19646910501301998
"Nexcom International Co., Ltd",0,circle,20.01372,2024,Taiwan,Emb POR,0.3242867301210017,0.645798108646993
凌華科技,0,circle,28.240643,2024,Taiwan,Emb POR,0.005595003602162513,0.9625383613955181
拍檔科技股份有限公司,0,circle,10.161141,2024,Taiwan,Emb POR,-0.4437060447520363,0.9611579676764326
普安科技股份有限公司,0,circle,10.833593,2024,Taiwan,Emb POR,-0.7603993206135239,0.6425670931809734
欣揚電腦,0,circle,11.290786,2024,Taiwan,Emb POR,-0.7591003460247884,0.19327248364802552
艾訊,0,circle,25.69616,2024,Taiwan,Emb POR,-0.44048305880153754,-0.12351242614939925
飛捷科技,0,circle,20.905945,2024,Taiwan,Emb POR,0.008849765204233447,-0.12214068342045158
WORLD PEACE INDUSTRIAL CO.LTD,1,star,60.0,2024,Taiwan,Emb POR,-0.22814991079352726,-0.2797298125248953
Aaeon Technology Inc,0,circle,19.13741,2024,Taiwan,Emb POR,-0.037230763414862825,0.11425183711647867
Accton,0,circle,56.571438,2024,Taiwan,Emb POR,-0.09523619424987376,0.3810385678331599
Aopen,0,circle,11.11601,2024,Taiwan,Emb POR,-0.36022623720801983,0.34435733425018367
Avalue,0,circle,15.921687,2024,Taiwan,Emb POR,-0.5628506562903756,0.0022437192535635603
Biostar Microtech Int'l Corp.,0,circle,14.739372,2024,Taiwan,Emb POR,-0.6168637449738503,0.27034854945586156
Caswell,0,circle,16.856604,2024,Taiwan,Emb POR,-0.8361393210512775,0.010156410512820417
Clientron Corp.,0,circle,13.62258,2024,Taiwan,Emb POR,-0.8657239248545335,-0.25540995676823647
Delta,0,circle,13.402887,2024,Taiwan,Emb POR,-0.8567974963954154,-0.5229387043128005
Ibase,0,circle,20.460457,2024,Taiwan,Emb POR,-0.5844293578617655,-0.5346240755399645
Qnap,0,circle,15.364954,2024,Taiwan,Emb POR,-0.6574040471367362,-0.7986562360255067
"Senao Networks, Inc.",0,circle,12.275752,2024,Taiwan,Emb POR,-0.4076633106993195,-0.8940705321142335
Wnc,0,circle,20.319773,2024,Taiwan,Emb POR,-0.13701530749963214,-0.9535023611497989
南京資訊股份有限公司,0,circle,10.917199,2024,Taiwan,Emb POR,-0.07917648712323765,-0.7040601230704348
友通資訊股份有限公司,0,circle,14.735192,2024,Taiwan,Emb POR,0.18092001308465902,-0.8096226364891035
威強電工業電腦股份有限公司,0,circle,14.313184,2024,Taiwan,Emb POR,0.36369100114875974,-0.5930801970866691
宜鼎國際股份有限公司,0,circle,10.393444,2024,Taiwan,Emb POR,0.2159027222580714,-0.35568427126145985
浩鑫電腦股份有限公司,0,circle,10.0,2024,Taiwan,Emb POR,0.45112176339198606,-0.2543722502963266
瑞傳科技公司,0,circle,13.282127,2024,Taiwan,Emb POR,0.3466106531753566,0.001535161550627968
長豐企業有限公司,0,circle,24.909782,2024,Taiwan,Emb POR,0.2102101296271181,0.231536669938941
"WT MICROELECTRONICS CO., LTD.",1,star,25.145247,2024,Taiwan,Emb POR,0.43473965067129205,-0.22527912043698559
Asrock Incorporation,0,circle,13.318181,2024,Taiwan,Emb POR,-0.03273602492616864,-0.5435517739826338
"Aten International Co., Ltd.",0,circle,10.00816,2024,Taiwan,Emb POR,0.5928619078474188,-0.7683227364941735
"Giga Computing Technology Co.,ltd.",0,circle,20.56084,2024,Taiwan,Emb POR,1.0,-0.24271771154025323
Synology Incorporated,0,circle,36.573547,2024,Taiwan,Emb POR,0.6259897855562572,0.3069754210359978
微星科技,0,circle,11.587561,2024,Taiwan,Emb POR,-0.012280186594030178,0.12119794466522997
SERTEK  INCORPORATED,1,star,26.959503,2024,Taiwan,NB CPU,0.3919787571154431,0.27442736352607894
A-trust Computer Corp.,0,circle,10.951277,2024,Taiwan,NB CPU,0.2839661260716539,-0.31795501707302387
Advantech,0,circle,20.730104,2024,Taiwan,NB CPU,0.7878992419510956,-0.17925571807110283
Jet Way,0,circle,10.2554245,2024,Taiwan,NB CPU,0.9935568460196742,0.3010906771657975
Moxa Inc.,0,circle,10.589315,2024,Taiwan,NB CPU,0.7462474993362737,0.7612872843529136
光宸科技 Quanmax,0,circle,13.474723,2024,Taiwan,NB CPU,0.23230431436454682,0.8550206585451123
台灣康泰克股份有限公司,0,circle,11.3519,2024,Taiwan,NB CPU,-0.16149247064932243,0.5116719521119962
振樺電子股份有限公司,0,circle,11.443547,2024,Taiwan,NB CPU,-0.1384917118607066,-0.010458075685707733
SYNNEX TECHNOLOGY INT'L CORP,1,star,16.124166,2024,Taiwan,NB CPU,-0.23396316172642873,0.40521349141277285
Bcm Computer Co.,0,circle,10.375069,2024,Taiwan,NB CPU,0.33391598786415244,0.18853105345779184
"Elo Touch Solutions, Inc.",0,circle,10.769757,2024,Taiwan,NB CPU,0.32085024590081856,0.6536456942985072
"Lex Computech Co., Ltd.",0,circle,10.482744,2024,Taiwan,NB CPU,-0.01732855444826358,0.973172205681583
"Nexcom International Co., Ltd",0,circle,10.127168,2024,Taiwan,NB CPU,-0.48232608368459895,0.9599871092100235
"Ubiqconn Technology, Inc.",0,circle,10.319901,2024,Taiwan,NB CPU,-0.8018253469412728,0.6219369485888674
凌華科技,0,circle,13.981601,2024,Taiwan,NB CPU,-0.788797895889706,0.15689655050769374
艾訊,0,circle,10.4841175,2024,Taiwan,NB CPU,-0.4506870069060969,-0.16272758731323705
飛捷科技,0,circle,11.057123,2024,Taiwan,NB CPU,0.014472194197762878,-0.14950246702002107
SYNNEX TECHNOLOGY INT'L CORPORATION,0,star,10.0,2024,Taiwan,NB CPU,-0.49253320026445835,0.3035626356797484
"Elitegroup Computer Systems Co.,ltd.",0,circle,11.584139,2024,Taiwan,NB CPU,-0.5377622591766297,-0.2134245946355303
WORLD PEACE INDUSTRIAL CO.LTD,1,star,31.057207,2024,Taiwan,NB CPU,-0.22174803564073933,-0.38408264904162237
Aaeon Technology Inc,0,circle,11.941422,2024,Taiwan,NB CPU,-0.246569857260715,0.2317403125110496
Avalue,0,circle,10.753536,2024,Taiwan,NB CPU,-0.6039636412070554,0.09964198928468199
Getac Corporation,0,circle,15.332822,2024,Taiwan,NB CPU,-0.8149818753083415,-0.2174240092727956
Litemax Electronics Inc.,0,circle,10.0,2024,Taiwan,NB CPU,-0.7999508968434564,-0.5981023928526167
"Senao Networks, Inc.",0,circle,10.048415,2024,Taiwan,NB CPU,-0.5636059416147914,-0.8969605554188156
Uniwill Technology Inc.,0,circle,16.714518,2024,Taiwan,NB CPU,-0.19693597873794202,-1.0
南京資訊股份有限公司,0,circle,10.136628,2024,Taiwan,NB CPU,0.16027100762746613,-0.8677521009530038
友通資訊股份有限公司,0,circle,10.872393,2024,Taiwan,NB CPU,0.3717316228172385,-0.5508124013073039
浩鑫電腦股份有限公司,0,circle,10.490329,2024,Taiwan,NB CPU,0.35616736957578765,-0.17024360574004507
長豐企業有限公司,0,circle,16.60017,2024,Taiwan,NB CPU,0.12024471648836028,0.12892827710284002
"WT MICROELECTRONICS CO., LTD.",1,star,60.0,2024,Taiwan,NB CPU,0.4066657211886567,-0.2846547116007403
Asrock Incorporation,0,circle,10.298978,2024,Taiwan,NB CPU,-0.12362137730318185,-0.5331944050988522
Clevo Co.,0,circle,60.0,2024,Taiwan,NB CPU,0.47889516021193396,-0.8657335201445477
Nexteq Plc Taiwan Branch (u.k.),0,circle,10.876303,2024,Taiwan,NB CPU,0.9817605907223291,-0.3953611343116628
仁寶電腦,0,circle,10.157122,2024,Taiwan,NB CPU,0.6893399448599571,0.22822560394329702
和碩聯合科技股份有限公司,0,circle,11.568876,2024,Taiwan,NB CPU,0.0063179491505555695,0.14266513815987375
"COIT Co., Ltd.",0,star,25.644176,2024,SKorea,DT CPU,0.4717331992157904,0.29439885713196606
"Atec Co.,ltd.",0,circle,30.203592,2024,SKorea,DT CPU,0.07268784138596693,0.12042259130397001
Comtree Inc,0,circle,10.821085,2024,SKorea,DT CPU,0.9627229894700937,0.28484437533793594
Dacom System,0,circle,22.55073,2024,SKorea,DT CPU,0.04132812990252837,0.2358799548455408
Ny Computer,0,circle,11.885437,2024,SKorea,DT CPU,0.771078598877226,0.6670258063958698
Redstone,0,circle,16.984674,2024,SKorea,DT CPU,0.442103213746566,-0.1640832831960111
대우루컴즈,0,circle,24.6476,2024,SKorea,DT CPU,-0.08031161086408506,0.13827869824805666
Intech & Company Incorporation,1,star,50.085106,2024,SKorea,DT CPU,-0.3158039069392852,0.5204335554519482
"Compuzone Co.,ltd",0,circle,57.767735,2024,SKorea,DT CPU,-0.006950854591098351,0.9352431010801747
Hksystem Corporation,0,circle,13.788514,2024,SKorea,DT CPU,-0.2691382147799129,1.0
Kirin,0,circle,12.69146,2024,SKorea,DT CPU,-0.5487180035677205,0.9230384614486379
Red Stone System,0,circle,12.501068,2024,SKorea,DT CPU,-0.7568121073751073,0.7229833195900942
"Reputer Co.,ltd",0,circle,10.887264,2024,SKorea,DT CPU,-0.8410227348317887,0.4691417611747779
Utoo,0,circle,12.589201,2024,SKorea,DT CPU,-0.4259764326404779,0.04203979675353765
PC Direct Inc.,1,star,60.0,2024,SKorea,DT CPU,-0.05560735243094356,-0.32568905327174186
(주)늑대와여우컴퓨터,0,circle,11.981717,2024,SKorea,DT CPU,-0.5483967781311728,-0.3335821629232711
(주)트리엠,0,circle,14.458299,2024,SKorea,DT CPU,-0.5598924269130096,-0.5486891825532855
Hk System,0,circle,12.527152,2024,SKorea,DT CPU,-0.36586572909844484,-0.6308910283089263
"MCOM Co.,LTD",0,circle,13.393855,2024,SKorea,DT CPU,-0.25257871113441294,-0.810937201734588
Sungju Com Tech,0,circle,12.711771,2024,SKorea,DT CPU,-0.026501300402022032,-0.7999379559191753
Sungju Comtech,0,circle,13.331965,2024,SKorea,DT CPU,0.1786150068076383,-0.761896925181974
"T1 Ls Co.,ltd",0,circle,18.65934,2024,SKorea,DT CPU,0.3515929073999729,-0.6420110182597598
아인스시스템,0,circle,60.0,2024,SKorea,DT CPU,0.422633444956267,-0.45555409845606304
Uniquest ,0,circle,10.0,2024,SKorea,DT CPU,0.13193957751793914,-0.44156555183690865
Secui Corp.,0,circle,10.0,2024,SKorea,DT CPU,0.43320295774717377,-0.15735216868426258
Xrosgen Inc.,0,star,23.835224,2024,SKorea,DT CPU,0.31613584873260503,-0.3353643276364696
S Com Inc.,0,circle,36.03295,2024,SKorea,DT CPU,0.457802447939714,0.053823679199926595
"ASI COMPUTER TECHNOLOGIES, INC.",0,star,25.477428,2024,USA,Server CPU,0.21385926974301953,0.5377495179414461
Advanced Clustering Tech Inc (ge),0,circle,11.457093,2024,USA,Server CPU,0.6889009030756633,0.35068061416954277
"Barracuda Networks, Inc.",0,circle,16.362597,2024,USA,Server CPU,0.7036744933479326,0.6156073637984824
Coastline Micro Inc,0,circle,18.336746,2024,USA,Server CPU,0.5446299527939835,0.8650251647838627
Equus Computer Systems Inc,0,circle,11.929402,2024,USA,Server CPU,0.09878314638029857,0.058646903576065466
Ixsystems Inc.,0,circle,39.12867,2024,USA,Server CPU,-0.09178869873829372,0.15128853910052042
Puget Custom Computers,0,circle,14.203438,2024,USA,Server CPU,0.2668255649001075,1.0
Source Code Corp,0,circle,19.791336,2024,USA,Server CPU,-0.027534075976493592,0.9710474205106546
Yang-ming International Corporation,0,circle,20.692907,2024,USA,Server CPU,-0.22670277649672602,0.7957396555350447
TD SYNNEX Corporation,0,star,60.0,2024,USA,Server CPU,-0.21718725628813135,-0.3489489593637543
Advantech Corp,0,circle,60.0,2024,USA,Server CPU,-0.5259091504851042,-0.03715281173939121
Amax Engineering Corp,0,circle,10.0,2024,USA,Server CPU,-0.7132182447821663,-0.16514973163354163
Colfax International,0,circle,11.565596,2024,USA,Server CPU,-0.7097692921371623,-0.4064793703575056
Datadirect Networks Inc,0,circle,47.537407,2024,USA,Server CPU,-0.6168900685468061,-0.6260375396558997
Microtech Computers Inc,0,circle,11.322263,2024,USA,Server CPU,-0.4259729784279717,-0.7783613032346645
Penguin Computing Inc,0,circle,12.02284,2024,USA,Server CPU,-0.18827125922247742,-0.8343492121841352
Pssc Labs,0,circle,11.026627,2024,USA,Server CPU,0.041821734409189154,-0.7719558542288477
Transource Services Corp,0,circle,12.351227,2024,USA,Server CPU,0.23373982253167935,-0.6255145710426283
Trenton Systems,0,circle,26.451103,2024,USA,Server CPU,0.21867508204526045,-0.39917775276103495
WPG Electronics (SA) Pte.Ltd,0,star,10.0,2024,USA,Server CPU,0.2770158591227224,-0.36145496537645655
"Smart Embedded Computing, Inc.",0,circle,17.371939,2024,USA,Server CPU,0.45531797275147606,0.00879689216223994
ARROW ASIA PAC Ltd.,0,star,21.924755,2024,PRC,Server CPU,0.3387303893558803,0.040598861589653125
"Jabil Circuit (wuxi) Co., Ltd.",0,circle,21.375782,2024,PRC,Server CPU,0.438806999990131,-0.3096836199054518
Siemens Shenzhen Magnetic Reso,0,circle,11.410314,2024,PRC,Server CPU,0.592015343785241,0.30242065965257553
Wuxi Xinje,0,circle,18.21335,2024,PRC,Server CPU,-0.014677199438757725,0.12889867846790132
Comtech Industrial (HK) Ltd.,0,star,19.910444,2024,PRC,Server CPU,0.3090146996694508,0.14452081640620826
"Gosuncn Technology Group Co., Ltd.",0,circle,20.113834,2024,PRC,Server CPU,0.5136492311505855,-0.15687294618222386
Start,0,circle,16.620417,2024,PRC,Server CPU,0.4676835823420151,0.47243561222145725
浙江宇视科技有限公司,0,circle,10.724001,2024,PRC,Server CPU,-0.0542779709230283,0.11783316525156091
Digital  Macao Commercial,1,circle,10.0,2024,PRC,Server CPU,-0.13036410117914954,0.3288594864137254
"Chengdu Waso Information Technology Co., Ltd.",0,circle,10.201216,2024,PRC,Server CPU,-0.05445511453963499,-0.03477535793929943
Enginetech,0,circle,10.040258,2024,PRC,Server CPU,0.03899775636165639,0.12393069970136876
"Fiberhome Supermicro Technologies Co., Ltd.",0,circle,13.968614,2024,PRC,Server CPU,0.08153849302208821,-0.037094528665158735
Gooxi,0,circle,10.472477,2024,PRC,Server CPU,0.1925869757512193,0.011427290027155276
"Guangzhou Tianao Information Technology Co., Ltd(gid:30000006087)",0,circle,11.299325,2024,PRC,Server CPU,0.28825296932325856,0.08785467992658606
Horchiot,0,circle,13.8574505,2024,PRC,Server CPU,0.3432534279045835,0.20461297283966154
"Huake Bochuang Technology Co., Ltd.",0,circle,11.881508,2024,PRC,Server CPU,0.25923323516871843,0.3813640435606322
"Huaqin Technology Co., Ltd.",0,circle,20.826603,2024,PRC,Server CPU,0.3688881323784348,0.3274945713211563
Infinova,0,circle,10.359387,2024,PRC,Server CPU,0.33890559431130746,0.48045714384758226
"Lancoo Group Co., Ltd.",0,circle,11.119458,2024,PRC,Server CPU,0.27587966944624354,0.5939493903917334
Linktel Hpc (beijing) Technology Limited Liability Co.,0,circle,13.235427,2024,PRC,Server CPU,0.14943875172272852,0.5422741775499159
Lon Microsystems Inc.,0,circle,14.570667,2024,PRC,Server CPU,0.18107680053503303,0.689460111455913
Nanjing Kunqian Computer Co.,0,circle,11.243347,2024,PRC,Server CPU,-0.011965095564336429,0.5624007521321677
Roycom (tianjin) Information T,0,circle,11.184552,2024,PRC,Server CPU,0.07674991979945044,0.7394289453783756
Sangfor Technologies Enterprise,0,circle,15.862152,2024,PRC,Server CPU,-0.031120591576100278,0.7938289845998546
"Shaanxi Yunsifu Technology Co.,ltd.",0,circle,12.220488,2024,PRC,Server CPU,-0.11357327932824743,0.6941481839476298
Shenbo Information Technology,0,circle,10.535007,2024,PRC,Server CPU,-0.1863995610657066,0.8007671814608901
Shenzhen J&w Electronic Co. Ltd,0,circle,10.040546,2024,PRC,Server CPU,-0.22661126586594152,0.5718334264764914
Shenzhen Ming Lian Yuan Chuang Technology,0,circle,10.013279,2024,PRC,Server CPU,-0.29890688587818015,0.7564344081275153
Siland (chengdu) Technology Co. Ltd,0,circle,10.670868,2024,PRC,Server CPU,-0.4071243950577369,0.7156546771565303
Sitonholy（思腾合力（天津）科技有限公司）,0,circle,10.224061,2024,PRC,Server CPU,-0.509676445320542,0.6295373282284765
Supercloud,0,circle,13.381803,2024,PRC,Server CPU,-0.3878505869350213,0.5652122606845533
Suzhou Super Cluster Information Technology Co. Ltd.(ipa: 301271840),0,circle,11.990965,2024,PRC,Server CPU,-0.5836204515406612,0.522488204748249
Wuhan Ningmei Guodu Science&technology,0,circle,10.167203,2024,PRC,Server CPU,-0.5117840831122148,0.41809886390708506
Wuhan Ningmei Kingdom Tech Co. Ltd,0,circle,10.004824,2024,PRC,Server CPU,-0.6272180633322061,0.37331982640410766
Xingrong Information Tech,0,circle,27.34865,2024,PRC,Server CPU,-0.6152906165473089,0.24800754895277097
Yuge Electronic Technology Co. Ltd,0,circle,11.881508,2024,PRC,Server CPU,-0.5710951941370214,0.1246483849388608
上海宽泛科技有限公司,0,circle,10.823447,2024,PRC,Server CPU,-0.47074601445182934,0.2240585070708552
保定市吉成科技开发有限公司,0,circle,10.291543,2024,PRC,Server CPU,-0.3269913376701183,0.13704411667953006
北京东土科技股份有限公司,0,circle,12.392859,2024,PRC,Server CPU,-0.4841739120735405,0.03882453550874748
南京坤前计算机科技有限公司,0,circle,10.939438,2024,PRC,Server CPU,-0.37895160026527963,-0.02104543812952096
武汉宁美国度科技有限公司,0,circle,10.015181,2024,PRC,Server CPU,-0.2465056504211941,-0.033464531703888675
比亚迪股份有限公司,0,circle,10.651036,2024,PRC,Server CPU,-0.35363892524320417,0.36831010258901237
河北海迪亚电子科技有限公司,0,circle,10.262112,2024,PRC,Server CPU,-0.14998715522890302,0.08478951311282623
深圳市同泰怡信息技术有限公司,0,circle,12.434583,2024,PRC,Server CPU,0.19334277566085553,0.19383446892042985
深圳市明联远创科技有限公司,0,circle,10.048157,2024,PRC,Server CPU,0.09625664867506166,0.3528529287273893
融科联创,1,circle,17.773947,2024,PRC,Server CPU,-0.14404829381610115,-0.2101864959558202
EX-CHANNEL GROUP LIMITED,1,star,60.0,2024,PRC,Server CPU,-0.15465160731989605,-0.6403898477722716
Beijing Supercloud Technology Co.ltd,0,circle,11.832699,2024,PRC,Server CPU,-0.639874655175967,-0.7105073809793545
"Daschip Information Technology (shanghai) Co., Ltd",0,circle,12.948214,2024,PRC,Server CPU,-0.5842137242558898,-0.8448134061762556
"Enginetech (tianjin) Computer Co.,ltd",0,circle,17.14741,2024,PRC,Server CPU,-0.43639674921074695,-0.8634575920118157
"Han’s Smart Control Technology Co.,ltd.1",0,circle,18.65027,2024,PRC,Server CPU,-0.3370682222145461,-0.9913149088530739
Os-easy,0,circle,11.275961,2024,PRC,Server CPU,-0.16328777200973993,-0.9934891084947707
"Powerleader Computer System Co.,ltd.",0,circle,60.0,2024,PRC,Server CPU,0.01065540621794112,-1.0
"Shenzhen Konghui Intelligent Co.,ltd.",0,circle,18.637081,2024,PRC,Server CPU,0.11549149332007799,-0.8765375952081542
"Shenzhen Zhiyuan Integration Technology Co.,Ltd",0,circle,10.429048,2024,PRC,Server CPU,0.26433236967047496,-0.866124687271458
深圳市宝德计算机系统有限公司,0,circle,10.023967,2024,PRC,Server CPU,0.32658933188815026,-0.7345814691459822
INGRAM MICRO INTL TRADING LTD,0,star,10.226646,2024,PRC,Server CPU,-0.07571651987023367,-0.32102108813043423
北京畅想嘉业信息科技有限公司,0,circle,10.001864,2024,PRC,Server CPU,-0.2979133642453206,-0.5811604131769432
杭州众志成鑫科技有限公司,0,circle,10.433826,2024,PRC,Server CPU,0.19097952084116968,-0.1067326922776888
Synnex Technology Int'l Corp.,0,star,10.096071,2024,PRC,Server CPU,-0.1640514900617348,-0.34558819163354115
Hikvision,0,circle,10.207846,2024,PRC,Server CPU,0.17750001931439174,-0.338834686285637
Synnex Technology Intl. (HK) Limited,0,star,15.650379,2024,PRC,Server CPU,0.136558748396779,-0.3078575918894699
Guangdong Waycloud Information Technology Limited,0,circle,10.64089,2024,PRC,Server CPU,-0.22834740821902252,-0.1530920284964987
"Jingxin Technology (shenzhen) Co., Ltd",0,circle,10.047292,2024,PRC,Server CPU,-0.21196334503852352,-0.4966532826168059
"Paibo Information Technology Co., Ltd",0,circle,10.0,2024,PRC,Server CPU,0.06686055455297914,-0.6980350292864919
Tian Ao,0,circle,11.012921,2024,PRC,Server CPU,0.39815425403092297,-0.6056183510791453
宝德科技集团股份有限公司,0,circle,15.955409,2024,PRC,Server CPU,0.5324416422137366,-0.2889745225015669
深圳市立尔讯科技有限公司,0,circle,10.797313,2024,PRC,Server CPU,0.36863061483482956,0.013451797237075661
长城超云（北京）科技有限公司,0,circle,11.508324,2024,PRC,Server CPU,0.03004461469248699,0.07391837747943959
WORLD PEACE INDUSTRIAL CO LTD,0,star,31.573956,2024,PRC,Server CPU,0.2927859748083873,-0.16646563780727977
Aprocloud,0,circle,11.867884,2024,PRC,Server CPU,-0.09267118788983288,-0.2588322476441693
Centerm,0,circle,32.63394,2024,PRC,Server CPU,0.12466631342744307,-0.5254181672051628
Jovision,0,circle,13.170168,2024,PRC,Server CPU,0.4685903265272335,-0.5216973067032722
"Noon Technology Co., Ltd.",0,circle,11.99434,2024,PRC,Server CPU,0.6801260781091971,-0.25049908453789205
Shanghai Lingshi Communication Technology,0,circle,13.015283,2024,PRC,Server CPU,0.5999677176523274,0.08397206406285701
Siasun,0,circle,12.50543,2024,PRC,Server CPU,0.2884994340420064,0.22986602408234846
Wan You,0,circle,12.769004,2024,PRC,Server CPU,-0.019751495257383303,0.0772948249288427
WORLD PEACE INDUSTRIAL COMPANY LTD,0,star,10.0,2024,PRC,Server CPU,0.3195127626876366,-0.2103884582315743
Unknown,0,circle,10.038952,2024,PRC,Server CPU,0.3602727576986893,0.12878909573037584
ARROW ASIA PAC Ltd.,0,star,12.765436,2024,PRC,DT CPU,0.3151633844543785,0.03312251527141375
Shenzhen Hanzsung Technology Co Ltd,0,circle,19.596706,2024,PRC,DT CPU,0.24676259003033701,-0.3056103769000726
"Shenzhen Lachesis Mobile Medical Technology Co., Ltd.",0,circle,18.23933,2024,PRC,DT CPU,0.6538897549857825,-0.03550049152192141
"Shenzhen Seavo Technology Co., Ltd.",0,circle,11.355037,2024,PRC,DT CPU,0.3833173391706562,0.3718467132152988
Siemens Shenzhen Magnetic Reso,0,circle,10.0,2024,PRC,DT CPU,-0.02358887259585534,0.10123515926427626
Comtech Industrial (HK) Ltd.,0,star,10.841095,2024,PRC,DT CPU,0.30443406462936484,0.10855595359621349
"Shenzhen International Safety Technology Co., Ltd.",0,circle,14.598322,2024,PRC,DT CPU,0.6044305309443178,0.018592569336888583
Start,0,circle,14.824331,2024,PRC,DT CPU,-0.0033205773167179972,0.16716127940046663
Digital  Macao Commercial,1,circle,10.0,2024,PRC,DT CPU,-0.15273696798414194,0.20920884723477645
Asl,0,circle,10.119942,2024,PRC,DT CPU,0.035164267156487926,0.1512702251942376
"Beijing Uniwise Technology Co., Ltd.",0,circle,12.337568,2024,PRC,DT CPU,-0.07648161295086535,0.06022643715443421
"Coocaa Network Technology Co., Ltd",0,circle,10.580819,2024,PRC,DT CPU,0.1658374602024221,0.15534974287287065
"Coocaa Network Technology Co., Ltd.",0,circle,10.656025,2024,PRC,DT CPU,0.13553920847578038,0.0465532451351939
Histone,0,circle,11.613226,2024,PRC,DT CPU,0.22389468697636797,0.060627362482770036
"Huake Bochuang Technology Co., Ltd.",0,circle,13.311247,2024,PRC,DT CPU,0.2645877075398661,0.13239298758949136
Ics-广州皓阳科技有限公司,0,circle,11.190844,2024,PRC,DT CPU,0.21741463505322556,0.26771014394710013
Ics-陕西知也科技有限公司,0,circle,10.872181,2024,PRC,DT CPU,-0.013200812472105538,0.3010369871615925
Ruijie,0,circle,16.70989,2024,PRC,DT CPU,0.28920468215709716,0.3078013603794378
"Shenyang Tiger Trade Co., Ltd",0,circle,11.636708,2024,PRC,DT CPU,0.09148330493882241,-0.15596679148138876
"Shenzhen Ishine Intelligent Co., Ltd",0,circle,10.188746,2024,PRC,DT CPU,0.2861459732408711,0.21096163401527557
Unknown,1,circle,60.0,2024,PRC,DT CPU,0.17718335842919253,-0.17034832783897072
"Wuhan Gintol Technology Co., Ltd",0,circle,17.255323,2024,PRC,DT CPU,0.264645789524785,0.3843948410346843
Wuhan Mloong Technology Co. Ltd,0,circle,50.416466,2024,PRC,DT CPU,0.10444966111010295,0.2753860347243242
Wuhan Ningmei Kingdom Tech Co. Ltd,0,circle,34.713654,2024,PRC,DT CPU,0.0071953221088115246,0.4272643606803599
Yuge Electronic Technology Co. Ltd,0,circle,16.08894,2024,PRC,DT CPU,0.1587494222379283,0.38435438764343605
上海神姬科技有限公司,0,circle,11.102483,2024,PRC,DT CPU,0.2337760173688347,0.4561643229103853
上海酷创网络科技有限公司,0,circle,10.618232,2024,PRC,DT CPU,0.18978086169819489,0.5229571796532337
上海铭响电子商务有限公司,0,circle,12.049601,2024,PRC,DT CPU,0.12400706579930779,0.5793397045758026
中国长城科技集团股份有限公司,0,circle,12.362233,2024,PRC,DT CPU,0.055606869616821056,0.6226248810318885
乌鲁木齐鑫宏嘉商贸有限公司,0,circle,10.599756,2024,PRC,DT CPU,0.10802796414693161,0.4844092376084849
保定市吉成科技开发有限公司,0,circle,11.12549,2024,PRC,DT CPU,0.0010260521430838778,0.5506189803836077
北京翰讯基业电子技术有限公司,0,circle,10.881203,2024,PRC,DT CPU,-0.024766755901292795,0.6491219117220729
北京英红万联科技有限公司,0,circle,11.845117,2024,PRC,DT CPU,-0.22663726253624847,-0.2322109050578117
南京和瑟电子科技有限公司,0,circle,12.1947975,2024,PRC,DT CPU,-0.3030363407284873,-0.2331709159669299
南京坤前計算機科技有限公司,0,circle,10.262391,2024,PRC,DT CPU,-0.17417467370132497,0.6640099685567423
南京祥长汇电子科技有限公司,0,circle,21.19027,2024,PRC,DT CPU,-0.09898584694628232,0.6566002942496822
南京茂玖呈系统集成有限公司,0,circle,13.338898,2024,PRC,DT CPU,-0.10708572095385259,0.5391711728030838
南宁鑫迈普电子科技有限公司,0,circle,11.254107,2024,PRC,DT CPU,-0.2605076169693935,0.650561893261373
南昌市沪祺实业有限公司,0,circle,14.247988,2024,PRC,DT CPU,-0.12624640151745822,0.39991927519581283
合肥巧鹰电子技术有限公司,0,circle,12.366146,2024,PRC,DT CPU,-0.21205049147739655,0.5748480505569437
哈尔滨利华网络开发有限公司,0,circle,10.527592,2024,PRC,DT CPU,-0.33647874151744833,0.6222468745526155
宁波怡通云硕电子商务有限公司,0,circle,12.339105,2024,PRC,DT CPU,0.1627275474584416,-0.10914896328005061
山西至诚志远科技有限公司,0,circle,11.662024,2024,PRC,DT CPU,-0.3360150536566237,0.5295333602116806
广州市得丰隆发展有限公司,0,circle,13.540081,2024,PRC,DT CPU,-0.41374346230726106,0.5794889443349831
广州广之嘉电子科技有限公司,0,circle,15.47708,2024,PRC,DT CPU,-0.24111962130087242,0.4569283119202126
成都兴成创投科技有限公司,0,circle,18.817955,2024,PRC,DT CPU,-0.39265434366000507,0.4325053349498248
成都蜀码科技有限公司,0,circle,12.196374,2024,PRC,DT CPU,-0.38848032944168026,0.2803387237345729
成都顺诚瑞兴科技有限公司,0,circle,11.010342,2024,PRC,DT CPU,-0.4674704883917064,0.5242041054655386
杭州众志成鑫科技有限公司,0,circle,15.856192,2024,PRC,DT CPU,0.04474123729536354,-0.1912532116493524
武汉宁美国度科技有限公司,0,circle,37.138783,2024,PRC,DT CPU,-0.5651172087950734,0.40396189671963956
武汉市洪山区宏芯电脑经营部,0,circle,14.066968,2024,PRC,DT CPU,-0.5179423126355092,0.4706127573422571
武汉市洪山区欣至胜电脑经营部,0,circle,11.365932,2024,PRC,DT CPU,-0.27660820114891055,0.33593063196697753
武汉市金楚恒鑫科技有限公司,0,circle,12.856129,2024,PRC,DT CPU,-0.4817423808298529,0.3662397276791683
武汉瑞达腾飞科技有限公司,0,circle,11.578374,2024,PRC,DT CPU,-0.5909228863913909,0.3266029089880959
沈阳安佳美商贸有限公司,0,circle,14.156708,2024,PRC,DT CPU,-0.5142443334530578,0.24975797368828254
河北海迪亚电子科技有限公司,0,circle,20.24184,2024,PRC,DT CPU,-0.6144001301299603,0.1653307047912016
河北美昆电子科技有限公司,0,circle,10.661254,2024,PRC,DT CPU,-0.6093305809943098,0.24760604412279247
泉州新裕星数码科技有限公司,0,circle,11.3349285,2024,PRC,DT CPU,-0.5395044772377509,0.12978458837034196
济南鑫民信科技有限公司,0,circle,11.737738,2024,PRC,DT CPU,-0.5961499634947505,0.06855966042731841
浩天金士博(北京)责任有限公司,0,circle,13.708283,2024,PRC,DT CPU,-0.4282660664763272,0.14262542141547727
深圳云天畅想信息科技有限公司,0,circle,10.077016,2024,PRC,DT CPU,-0.47020867822563983,0.024884947674181184
深圳市卓志投资有限公司,0,circle,19.79454,2024,PRC,DT CPU,-0.5617698192966671,-0.004596849456332837
深圳市明联远创科技有限公司,0,circle,18.260452,2024,PRC,DT CPU,-0.39591669154153786,-0.06348038635111149
深圳市福田区赛格电子市场恒祥伟业经营部,0,circle,12.8734455,2024,PRC,DT CPU,-0.32477840534717106,0.025128182584985486
湖南蓝威电脑有限公司,0,circle,10.639229,2024,PRC,DT CPU,-0.30512448442294404,0.156633086765751
湖南裕盛信息科技有限公司,0,circle,12.464481,2024,PRC,DT CPU,-0.5156191375468125,-0.07037090364616251
福州中硕电子有限公司,0,circle,11.634192,2024,PRC,DT CPU,-0.05475830167515982,-0.24080853058654264
西安文斯顿电子科技有限公司,0,circle,11.327159,2024,PRC,DT CPU,-0.0044545528495435575,-0.21704088584795633
辽宁润德科技有限公司,0,circle,14.961767,2024,PRC,DT CPU,-0.4597327528083103,-0.1286736448467011
郑州天运骋久电子科技有限公司,0,circle,10.171961,2024,PRC,DT CPU,-0.37883454880446416,-0.15746422122045597
重庆典裕科技有限公司,0,circle,10.622293,2024,PRC,DT CPU,-0.28328184270102436,-0.11003418982768107
重庆图迈信息技术有限公司,0,circle,10.577105,2024,PRC,DT CPU,-0.18275674372133557,-0.11999173249106161
重庆达幻科技有限公司,0,circle,11.180111,2024,PRC,DT CPU,-0.2052388588557421,0.012148100465356802
陕西泽润电子科技有限公司,0,circle,11.150962,2024,PRC,DT CPU,-0.09585265023644986,-0.05691513031863281
陕西瑞力电子科技有限公司,0,circle,10.232937,2024,PRC,DT CPU,0.03047506424709828,0.01785800493796154
EX-CHANNEL GROUP LIMITED,0,star,15.804938,2024,PRC,DT CPU,-0.19247099420915562,-0.2510664517343563
Os-easy,0,circle,21.893427,2024,PRC,DT CPU,-0.317613708528301,0.07929443707605813
"Shenzhen Genew Intelligent Technology Co., Ltd.",0,circle,10.473234,2024,PRC,DT CPU,-0.5454887092256047,-0.2680199740232115
"Shenzhen Konghui Intelligent Co.,ltd.",0,circle,17.804869,2024,PRC,DT CPU,-0.28538665976485783,-0.5918668517134271
"Shenzhen Zhiyuan Integration Technology Co.,Ltd",0,circle,16.1698,2024,PRC,DT CPU,0.1030390204818076,-0.4448239923113512
億川國際發展有限公司,0,circle,18.319096,2024,PRC,DT CPU,0.08309724536501513,-0.029904229398596563
INGRAM MICRO INTL TRADING LTD,1,star,10.0,2024,PRC,DT CPU,-0.19436132778409046,-0.578395396046631
北京联合伟世科技股份有限公司,0,circle,10.211277,2024,PRC,DT CPU,-0.5519638772603812,-0.8230804466843319
济南一达科技产品有限公司,0,circle,11.364284,2024,PRC,DT CPU,-0.02825274103834735,-0.8388428242888615
西安悦达顺通电子有限公司,0,circle,10.387202,2024,PRC,DT CPU,-0.3708125349344282,-0.912933446129494
Synnex Technology Int'l Corp.,0,star,12.103589,2024,PRC,DT CPU,-0.04941596482340508,-0.31291571591999545
Futurerobot,0,circle,13.5683155,2024,PRC,DT CPU,-0.35894563174656846,-0.15926083357944998
Jwipc,0,circle,11.542347,2024,PRC,DT CPU,-0.20328843301526728,-0.6223804243781107
"Qingdao Wintec System Co., Ltd.",0,circle,17.143892,2024,PRC,DT CPU,0.26016997030783806,-0.46632666389153543
"Shenzhen Zrt Industrial Co.,ltd",0,circle,13.564042,2024,PRC,DT CPU,0.10396876999142599,-0.0032943929029281478
Synnex Technology International Corp.,0,star,12.273882,2024,PRC,DT CPU,0.02634867472177299,-0.3221406733743673
Ai-chance,0,circle,19.234583,2024,PRC,DT CPU,-0.13856798676472432,-0.5884009767667989
七彩虹科技发展有限公司,0,circle,17.488903,2024,PRC,DT CPU,0.16295378074823455,-0.04020707001901731
Synnex Technology Intl. (HK) Limited,0,star,11.773467,2024,PRC,DT CPU,-0.09602346217477498,-0.3412273278230709
武汉攀升兄弟科技有限公司,0,circle,24.192173,2024,PRC,DT CPU,0.211803503252652,-0.2840132076909738
Synnex Technology Intl. (HK) Ltd,1,star,11.922396,2024,PRC,DT CPU,0.24474300601215157,-0.4994097899828605
东莞市华讯信息技术有限公司,0,circle,10.886401,2024,PRC,DT CPU,0.10714775204517898,-0.885853717476272
唐山云钦商贸有限公司,0,circle,13.268234,2024,PRC,DT CPU,0.22276618737875678,-0.8664191734734928
广州利铎信息科技有限公司,0,circle,10.678436,2024,PRC,DT CPU,0.3368559130214624,-0.8325591418548006
成都蜀刀科技有限公司,0,circle,11.059776,2024,PRC,DT CPU,0.44425562320824463,-0.7769917477684855
成都鑫海众达科技有限公司,0,circle,10.254443,2024,PRC,DT CPU,0.5372946852051455,-0.7029657385978592
杭州恰自来电子商务有限公司,0,circle,11.856202,2024,PRC,DT CPU,0.612184101904825,-0.6166607046144726
青岛嘉米尔森动漫传媒科技有限公司,0,circle,10.827136,2024,PRC,DT CPU,0.6687162013015667,-0.5220052180961188
WORLD PEACE INDUSTRIAL CO LTD,0,star,15.95961,2024,PRC,DT CPU,0.24893977060734593,-0.1910252799382502
Centerm,0,circle,11.380817,2024,PRC,DT CPU,-0.1186264894497849,-0.1530699481428205
Global Welltech,0,circle,16.99363,2024,PRC,DT CPU,-0.05705065981934388,-0.39834523511001113
"Noon Technology Co., Ltd.",0,circle,11.631357,2024,PRC,DT CPU,0.1477118499896391,-0.5463266141165561
Novastar,0,circle,10.048232,2024,PRC,DT CPU,0.39979020281594635,-0.5283543444597454
Shanghai Lingshi Communication Technology,0,circle,19.71721,2024,PRC,DT CPU,0.581507637653347,-0.3524581221590469
"Suzhou Cvte Electronic Technology Co., Ltd.",0,circle,18.325974,2024,PRC,DT CPU,0.607265116417426,-0.10095215388645598
"Techvision Intelligent Technology Co., Ltd.",0,circle,12.762364,2024,PRC,DT CPU,0.46558219655462213,0.10834105993845711
Ugreen,0,circle,12.662796,2024,PRC,DT CPU,0.2226035456511481,0.17761746232492348
Wan You,0,circle,11.851881,2024,PRC,DT CPU,-0.00822991919233129,0.07438582260576093
WORLD PEACE INDUSTRIAL COMPANY LTD,1,star,21.623606,2024,PRC,DT CPU,0.6504789208645948,-0.04606436568162315
Ew Technology,0,circle,13.337854,2024,PRC,DT CPU,0.94073534570817,-0.2669042473315692
Hedy Computer,0,circle,22.093946,2024,PRC,DT CPU,0.9937669840527845,-0.0867015555244021
惠州市万东计算机技术有限公司,0,circle,13.365505,2024,PRC,DT CPU,0.9999999999999999,0.10048808309324594
深圳市时造电子科技有限公司,0,circle,14.049189,2024,PRC,DT CPU,0.9698180463717008,0.2703551360999242
WPG Electronics (SA) Pte.Ltd,0,star,10.9353695,2024,PRC,DT CPU,0.30488953918101663,-0.1810738950168552
Pc Partner Limited,0,circle,19.921608,2024,PRC,DT CPU,0.3297416897235865,0.13103639610610066
ARROW ASIA PAC Ltd.,0,star,20.546467,2024,PRC,Emb POR,0.4719962785816412,0.08700710301464218
"Shenzhen Seavo Technology Co., Ltd.",0,circle,27.657848,2024,PRC,Emb POR,0.9340981724984017,-0.085348355102188
"Shenzhen Seavo Technology Co.,ltd.",0,circle,15.552483,2024,PRC,Emb POR,0.023627731324765193,0.29216958872567195
Arrow Central Europe GmbH,0,star,18.071743,2024,PRC,Emb POR,0.5329323542269329,0.13269376278983477
"Aptiv Electronics (suzhou) Co., Ltd.",0,circle,29.423498,2024,PRC,Emb POR,0.21183502641463822,0.5067045478558131
Comtech Industrial (HK) Ltd.,0,star,14.814517,2024,PRC,Emb POR,0.1758157361983083,0.4466097044192487
"Shenzhen International Safety Technology Co., Ltd.",0,circle,16.13293,2024,PRC,Emb POR,0.5665357744362246,0.7475785306958415
"Suzhou Nodka Automation Technology Co., Ltd",0,circle,13.887701,2024,PRC,Emb POR,-0.23545314827419428,0.17461113157608912
Digital  Macao Commercial,1,circle,10.0,2024,PRC,Emb POR,-0.2779110432616734,0.3586092459198114
Hangzhou Dptech Technologies C,0,circle,26.648767,2024,PRC,Emb POR,0.2869470389489474,0.33714684383035426
Histone,0,circle,19.0363,2024,PRC,Emb POR,0.023521829688243408,0.8368692714120435
"Lancoo Group Co., Ltd.",0,circle,19.043839,2024,PRC,Emb POR,-0.5411233879258234,0.8587951432248667
"Luxshare Precision Industry Co.,ltd. (ipa: 30000006643)",0,circle,60.0,2024,PRC,Emb POR,-0.8424671951357463,0.38056088988441994
Sangfor Technologies Enterprise,0,circle,29.35678,2024,PRC,Emb POR,-0.5788201472940844,-0.11945216857182912
Shenzhen Grentech Wl Corporation Limited,0,circle,12.279642,2024,PRC,Emb POR,-0.014131537569196863,-0.1410972238074789
EX-CHANNEL GROUP LIMITED,0,star,18.121925,2024,PRC,Emb POR,-0.49077104526913656,0.24647146604065212
"Shenzhen Konghui Intelligent Co.,ltd.",0,circle,29.53897,2024,PRC,Emb POR,-0.4907553030750391,-0.24646629864211295
Synnex Technology Int'l Corp.,0,star,10.691889,2024,PRC,Emb POR,-0.5481872040429627,0.032959910534634144
Jwipc,0,circle,12.441838,2024,PRC,Emb POR,-0.35379727358807095,-0.42003052597090706
Tokyo Electron Device Limited,0,star,11.106852,2024,PRC,Emb POR,-0.5167538995740175,-0.1858944927484533
Toshiba Tess,0,circle,13.396701,2024,PRC,Emb POR,-0.1594873940475118,-0.5255237184550586
WORLD PEACE INDUSTRIAL CO LTD,1,star,34.628906,2024,PRC,Emb POR,-0.024075667512008445,-0.4726604244856624
Dbapp,0,circle,20.914389,2024,PRC,Emb POR,-0.551188700606328,-0.33883605330185196
Neusoft,0,circle,10.0,2024,PRC,Emb POR,-0.15800827161077177,-1.0
Nexsec,0,circle,41.168083,2024,PRC,Emb POR,0.5035084793857805,-0.6062798436820477
"Shenzhen Realbom Intelligent Co., Ltd.",0,circle,19.717297,2024,PRC,Emb POR,0.10990351141046112,0.0545847316606216
WORLD PEACE INDUSTRIAL CO.LTD,0,star,17.70226,2024,PRC,Emb POR,0.3235181499439372,-0.35454045816724045
Accton Technology Corporation,0,circle,26.28794,2024,PRC,Emb POR,0.4216735295259425,-0.837872553631125
Wistron Infocomm (zhongshan) C,0,circle,10.377631,2024,PRC,Emb POR,0.260453208784809,0.1344872872627618
"WT MICROELECTRONICS CO., LTD.",0,star,10.0,2024,PRC,Emb POR,0.39448616427043703,-0.38208994464115803
Alpha Networks (hong Kong) Limited,0,circle,10.849744,2024,PRC,Emb POR,0.5420782331470952,0.08823290235980753
ARROW ASIA PAC Ltd.,0,star,10.596686,2024,PRC,NB CPU,0.389404101092021,0.06282670944200201
Futurerobot,0,circle,10.361725,2024,PRC,NB CPU,0.5502715041375834,-0.32772326395605816
Shenzhen Hanzsung Technology Co Ltd,0,circle,10.4314,2024,PRC,NB CPU,0.6467314429419373,0.3977389188699372
Wuxi Xinje,0,circle,10.026181,2024,PRC,NB CPU,-0.029357152302316218,0.11796672795713634
Comtech Industrial (HK) Ltd.,0,star,10.014177,2024,PRC,NB CPU,0.44327232184160703,0.0070891432994021055
Start,0,circle,10.020466,2024,PRC,NB CPU,0.2605748527679081,0.35855310510346683
Digital  Macao Commercial,1,circle,10.0,2024,PRC,NB CPU,-0.03134623449711996,0.4310314129067198
Asl,0,circle,10.314754,2024,PRC,NB CPU,0.19524153385398885,0.18476263259151426
"Coocaa Network Technology Co., Ltd",0,circle,10.011288,2024,PRC,NB CPU,0.39939266411176305,0.18839641736099877
Cyxtech,0,circle,10.859459,2024,PRC,NB CPU,0.4851229871013072,0.36052065690548635
Decenta,1,circle,15.330257,2024,PRC,NB CPU,0.07304361796790312,-0.10462869154008637
Dsipc,0,circle,11.533549,2024,PRC,NB CPU,0.4932641945027666,0.5728990536823871
Histone,0,circle,10.894467,2024,PRC,NB CPU,0.27780988469295587,0.556012242000372
J & W Technology Ltd.,0,circle,10.202349,2024,PRC,NB CPU,0.36605745426822295,0.7777625891439595
Kozsmart,0,circle,10.183138,2024,PRC,NB CPU,0.19236106408935444,0.873901759779687
Micro Computer(hk)tech Limited,0,circle,12.01593,2024,PRC,NB CPU,4.8141119530274566e-05,0.9537652730992765
"Shenzhen Ishine Intelligent Co., Ltd",0,circle,11.622385,2024,PRC,NB CPU,-0.2604768130804198,0.9026421512949983
"Shenzhen Madigi Electronic Technology Co., Ltd.",0,circle,10.957236,2024,PRC,NB CPU,-0.09478684627204353,0.7635589725677496
"Shenzhen Maiyunda Technology Co., Ltd",0,circle,10.090208,2024,PRC,NB CPU,-0.4166953114552652,0.7650545724635918
Ugreen,1,circle,10.357116,2024,PRC,NB CPU,-0.10606129967076003,-0.10965480021325744
"Wuhan Gintol Technology Co., Ltd",0,circle,10.017141,2024,PRC,NB CPU,-0.5503833452101088,0.5946102047275519
Zspace,0,circle,10.156042,2024,PRC,NB CPU,-0.37004792077441745,0.48219624640499253
北京东土科技股份有限公司,0,circle,10.011262,2024,PRC,NB CPU,-0.562429813046233,0.35051778473154366
广州视源电子科技有限公司,0,circle,12.293761,2024,PRC,NB CPU,-0.45820953213415233,0.1713535735791008
深圳市江元科技（集团）有限公司,0,circle,10.944575,2024,PRC,NB CPU,-0.2514810385664441,0.16403295944428006
EX-CHANNEL GROUP LIMITED,0,star,10.015681,2024,PRC,NB CPU,-0.27926757881794867,0.344213585645365
"Shenzhen Konghui Intelligent Co.,ltd.",0,circle,10.022637,2024,PRC,NB CPU,-0.44301597126286646,-0.016468482155037868
OKAYA ELECTRONICS (USD),0,star,10.0,2024,PRC,NB CPU,-0.34575955089354987,0.2773912468914866
Nec Platform Technologies Hong Kong,0,circle,10.0,2024,PRC,NB CPU,-0.4295478430600682,-0.10975771691175862
Synnex Technology Int'l Corp.,0,star,10.007218,2024,PRC,NB CPU,-0.3966053074825577,0.19801297239383608
Hikvision,0,circle,10.010421,2024,PRC,NB CPU,-0.39664812030654817,-0.19809895342330094
Synnex Technology International Corp.,1,star,60.0,2024,PRC,NB CPU,-0.34436150463850435,-0.17891551403076802
Inet,0,circle,12.750913,2024,PRC,NB CPU,-0.23913405483368866,0.26280108845057576
J&w,0,circle,13.006672,2024,PRC,NB CPU,-0.6743767962275743,0.1330893739001915
Madigi,0,circle,12.4936695,2024,PRC,NB CPU,-0.7795421530332796,-0.3086559582033594
"Shenzhen Chiphd Technology Co.,ltd",0,circle,10.007296,2024,PRC,NB CPU,-0.4496275014723718,-0.6206019987592251
Shenzhen Transsion Holdings Co,0,circle,60.0,2024,PRC,NB CPU,-0.014416974479763332,-0.49101992834220637
七彩虹科技发展有限公司,0,circle,23.816551,2024,PRC,NB CPU,0.09082256824756327,-0.04922869147424678
Tokyo Electron Device Limited,0,star,10.155161,2024,PRC,NB CPU,-0.3900984230107087,-0.21074364548760893
Toshiba Tec H K,0,circle,10.22399,2024,PRC,NB CPU,-0.0658821514464295,-0.4383136151807386
WORLD PEACE INDUSTRIAL CO LTD,1,star,15.103025,2024,PRC,NB CPU,-0.0037286030298177997,-0.57175386149323
"Noon Technology Co., Ltd.",0,circle,10.070231,2024,PRC,NB CPU,-0.49474210955279413,-0.7409416607980931
"Shenzhen Realbom Intelligent Co., Ltd.",0,circle,11.939372,2024,PRC,NB CPU,-0.2958745202477803,-0.9249178670716148
"Techvision Intelligent Technology Co., Ltd.",0,circle,10.007123,2024,PRC,NB CPU,0.00810228431781573,-1.0
Wan You,0,circle,10.049794,2024,PRC,NB CPU,0.3074831271994673,-0.9082435636374205
"Xiamen Yilian Network Technology Co., Ltd",0,circle,13.651541,2024,PRC,NB CPU,0.49589270650631395,-0.7135349342918287
WORLD PEACE INDUSTRIAL CO.LTD,0,star,10.186696,2024,PRC,NB CPU,0.0926009265868554,-0.3720152996920788
Iei,0,circle,10.128528,2024,PRC,NB CPU,0.008300278458749822,-0.759562302497224
Wistron Infocomm (zhongshan) C,0,circle,10.11995,2024,PRC,NB CPU,0.24180214243723908,-0.004509224861400253
WORLD PEACE INDUSTRIAL COMPANY LTD,1,star,36.975555,2024,PRC,NB CPU,0.2966411929402146,-0.24589251186957364
Byd Company Limited,0,circle,11.997905,2024,PRC,NB CPU,-0.16197116720598181,-0.27582206824833394
Eii Tech Co. Ltd,0,circle,10.604975,2024,PRC,NB CPU,0.03411659006253798,-0.6230752157228779
"Emdoor Digital Technology Co., Ltd.",0,circle,11.845061,2024,PRC,NB CPU,0.4278506684230007,-0.6863600898160628
Honor,0,circle,40.787685,2024,PRC,NB CPU,0.7228188423301093,-0.4179629625801895
上海六聯智慧科技有限公司,0,circle,10.228849,2024,PRC,NB CPU,0.6968460947229274,-0.019986707792097255
深圳市微步電子有限責任公司,0,circle,11.365456,2024,PRC,NB CPU,0.3695243448502256,0.20786512112516747
聯達科技（廈門）有限公司,0,circle,11.985916,2024,PRC,NB CPU,-0.012697296570232944,0.09403237157613763
WPG Electronics (SA) Pte.Ltd,0,star,10.241448,2024,PRC,NB CPU,0.3600671148985883,-0.25863626316641
Pc Partner Limited,0,circle,10.3485565,2024,PRC,NB CPU,0.4231082881112882,0.13242692587717314
OKAYA ELECTRONICS (RCO),0,star,60.0,2024,Japan,DT CPU,0.7288023545154478,-0.15399130033409797
"A.t.works, Inc.",0,circle,10.0023,2024,Japan,DT CPU,0.9122107411038917,-0.42004697225193743
Sb Frameworks,0,circle,10.0,2024,Japan,DT CPU,1.0,-0.1536437843030471
Thirdwave Corporation,0,circle,60.0,2024,Japan,DT CPU,0.9181465752421385,0.10478883269020961
"Yamada Holdings Co.,Ltd",0,circle,19.401423,2024,Japan,DT CPU,0.41954966225438356,-0.16757830258145182
OKAYA ELECTRONICS (USD),0,star,10.0,2024,Japan,DT CPU,0.25935419662276066,0.13186160347825196
Fujitsu Frontech Limited,0,circle,10.796762,2024,Japan,DT CPU,0.04999994125120381,0.2865641856176858
Ryoyo Electro  K K.,1,star,26.149857,2024,Japan,DT CPU,-0.38312838155400963,0.38975284106973346
Biccamera Inc,0,circle,10.100086,2024,Japan,DT CPU,-0.22454312941360266,0.5739278357459004
Inverse Net,0,circle,16.016535,2024,Japan,DT CPU,-0.11679664021188242,0.640233399296001
Logitec Ina Solutions Co. Ltd.,0,circle,10.008843,2024,Japan,DT CPU,-0.28088773000100353,0.7190703928550856
"Rakuten Group, Inc.",0,circle,10.459653,2024,Japan,DT CPU,-0.4290227512495748,0.6852656363761649
"Rf Co.,ltd.",0,circle,10.092366,2024,Japan,DT CPU,-0.5568342985782957,0.6238721802567383
アプライド株式会社,1,circle,13.25389,2024,Japan,DT CPU,-0.18696730219072422,0.12011599949450004
エプソンダイレクト株式会社,0,circle,17.736135,2024,Japan,DT CPU,-0.6509737032862268,0.5175159227603938
株式会社シスキー,0,circle,10.014304,2024,Japan,DT CPU,-0.7260379147792371,0.3843632848292602
株式会社ヨドバシカメラ,0,circle,10.126312,2024,Japan,DT CPU,-0.6986703461512432,0.2009890323599248
興隆商事株式会社,0,circle,10.971839,2024,Japan,DT CPU,-0.6068416963014779,0.2885577091370173
"Tekwind Co., Ltd.",1,star,45.16686,2024,Japan,DT CPU,0.034314717027720106,-0.20296842570575876
"Business Service Co.,ltd.",0,circle,10.028492,2024,Japan,DT CPU,0.0940703807684366,0.09813990546211356
"Daito Electron Co., Ltd.",0,circle,10.0172,2024,Japan,DT CPU,-0.019422651116778957,0.007894332756118042
Edion Corporation,0,circle,10.038016,2024,Japan,DT CPU,-0.15873427771290533,-0.0930680253334338
Elsa Japan Inc.,0,circle,10.987313,2024,Japan,DT CPU,-0.26539445760294383,-0.17516223324103963
Fanatic Computers Inc.,0,circle,10.020408,2024,Japan,DT CPU,-0.2998918077360466,-0.3070743254402402
"Mousecomputer, Co.,ltd.",0,circle,26.90083,2024,Japan,DT CPU,-0.2407128504210511,-0.4292649984234201
Nojima Corporation,0,circle,10.040962,2024,Japan,DT CPU,-0.16788904064448207,-0.29674082391661727
SYSTEM WORKS CORPORATION,0,circle,10.01099,2024,Japan,DT CPU,-0.14472170658568412,-0.5135555076238129
Sunwatechnos,0,circle,10.001484,2024,Japan,DT CPU,-0.003632257659596219,-0.5539070671721207
Td Synnex,0,circle,10.003732,2024,Japan,DT CPU,-0.040762594503374903,-0.4259685893521155
Tekwind Co Ltd,0,circle,10.059365,2024,Japan,DT CPU,0.1253284424517481,-0.5330914417172704
Unitcom,0,circle,26.34615,2024,Japan,DT CPU,0.2511773832137971,-0.4599875041957665
Zoa Corporation,0,circle,10.144667,2024,Japan,DT CPU,0.14539481382736927,-0.3885240545280457
ダイワボウ情報システム株式会社,0,circle,10.068908,2024,Japan,DT CPU,0.30256778968326453,-0.33386225528932595
ヤトロ電子　株式会社,0,circle,10.00701,2024,Japan,DT CPU,0.26333752754405293,-0.196459814887709
上新電機株式会社,0,circle,10.409674,2024,Japan,DT CPU,0.1679050887857849,-0.03466266581798715
株式会社ワンズ,0,circle,10.167535,2024,Japan,DT CPU,0.30241927720052586,-0.024371331938144045
福西電機株式会社,0,circle,10.002488,2024,Japan,DT CPU,0.22728664620761632,0.09101632986824323
ALSO Polska Sp. z o.o.,0,star,60.0,2024,EU,Server CPU,0.30705475679126565,-0.11343240579117735
Hetzner Online Gmbh,0,circle,60.0,2024,EU,Server CPU,0.27411890004071726,0.178904008491291
Arrow Central Europe GmbH,1,star,45.630726,2024,EU,Server CPU,0.10819453423723185,-0.044588569041988546
Megware Computer Vertrieb Und,0,circle,11.735982,2024,EU,Server CPU,0.36683016246654887,0.15253017978564815
Ovh,0,circle,42.140156,2024,EU,Server CPU,-0.20844089542113423,-0.08494949105100175
Wortmann Ag,0,circle,40.12963,2024,EU,Server CPU,0.4081230607742465,-0.17029606486573462
Arrow Rapac Ltd,0,star,31.583881,2024,EU,Server CPU,-0.06224568532978369,0.2726978383395011
Camtek Limited,0,circle,25.038559,2024,EU,Server CPU,0.26220042333026217,0.2840402692371621
Flextronics Israel Ltd,0,circle,10.973996,2024,EU,Server CPU,-0.0735830899603405,0.5971416809936893
Landa Corporation Ltd,0,circle,12.5487,2024,EU,Server CPU,-0.38668730197809975,0.261184775282741
Orbotech Limited,0,circle,12.458328,2024,EU,Server CPU,-0.05082320388462022,-0.051751764805525305
CMS Compucenter Ltd,0,star,10.711487,2024,EU,Server CPU,-0.1693455631133596,0.28013779204082134
Hiper Global,0,circle,11.02417,2024,EU,Server CPU,-0.3258569300963278,0.031040426434139328
EBV Elektronik GmbH & Co. KG,0,star,10.0,2024,EU,Server CPU,-0.2741174123008028,0.17890789433350116
Ecrin Systems Sa,0,circle,10.317196,2024,EU,Server CPU,-0.30704829992056926,-0.11342916077413985
Exertis Hammer Limited,1,star,46.654655,2024,EU,Server CPU,-0.5403209830143455,-0.12745271944130637
Axiom Manufacturing Services L,0,circle,19.298965,2024,EU,Server CPU,-0.6213687302337352,0.20771313333043245
Exacta Technologies Limited,0,circle,15.961668,2024,EU,Server CPU,-0.8436335436530945,0.004555757699621055
Kaon Limited,0,circle,13.396256,2024,EU,Server CPU,-0.8005720486134256,-0.3316618700679898
Team.blue Denmark,0,circle,10.480596,2024,EU,Server CPU,-0.5343548163882507,-0.4722387515865739
Ingram Micro Pan Europe GmbH,0,star,15.623946,2024,EU,Server CPU,0.03188632308028921,-0.2832594467602225
Primeline Solutions Gmbh,0,circle,10.429232,2024,EU,Server CPU,-0.2713999990745028,-0.3633516390868935
Rnt Rausch Gmbh,0,circle,14.708479,2024,EU,Server CPU,0.25277612308191827,-0.5059963628850481
Thunder-it Gmbh,0,circle,10.271378,2024,EU,Server CPU,0.11444332136331649,0.019362626297280288
TD SYNNEX Supply Chain Services,1,star,58.989258,2024,EU,Server CPU,0.6818093971198533,0.02880071342364931
Azken Muga Sl,0,circle,43.027946,2024,EU,Server CPU,0.8708904040786385,-0.26231808447661903
Nt Nuove Tecnologie Srl,0,circle,10.0,2024,EU,Server CPU,1.0,0.0695472453363337
Sistemas Informaticos Europeos,0,circle,13.548341,2024,EU,Server CPU,0.7914710966181046,0.3581619896084096
AB SA,0,star,16.142462,2024,EU,DT CPU,0.5715739192392649,0.3903958782522741
Ntt System Sa,0,circle,60.0,2024,EU,DT CPU,0.2448557702831593,0.3581175674511938
ALSO A/S,0,star,25.40957,2024,EU,DT CPU,0.2954399076386492,-0.04982667104269849
Komplett Services As,0,circle,37.923706,2024,EU,DT CPU,0.21717203539286872,0.20635899646737701
ALSO ,0,circle,10.0,2024,EU,DT CPU,0.9365244192013669,-0.24501414578257882
Groupe Cybertek,0,circle,23.230043,2024,EU,DT CPU,0.6424276483489879,-0.15794555722727804
ALSO Polska Sp. z o.o.,0,star,40.010048,2024,EU,DT CPU,0.39067473398046865,0.6905008444716567
Hetzner Online Gmbh,0,circle,20.572275,2024,EU,DT CPU,0.7439583756617757,0.7108399965498712
Komputronik,0,circle,18.651394,2024,EU,DT CPU,0.6473367986328452,0.8635211093841691
Mikka Gmbh,0,circle,13.024245,2024,EU,DT CPU,0.4802357141809888,0.9740051557566227
Tarox Aktiengesellschaft,0,circle,10.551983,2024,EU,DT CPU,0.2915805657481094,0.9999999999999999
X-kom Sp�lłka Z Ograniczoną,0,circle,34.423775,2024,EU,DT CPU,0.08658651913786382,0.6703670359699301
ASBISC ENTERPRISES PLC,0,star,39.664238,2024,EU,DT CPU,-0.10951610151663413,0.42221688352890546
2 By 2,0,circle,10.320599,2024,EU,DT CPU,-0.1397569142798814,0.7031849446020139
Komputronik Biznes Sp Z O O W Restrukturyzacji,0,circle,24.090914,2024,EU,DT CPU,-0.26786820346990897,0.7103038303399035
Komputronik Sa,0,circle,10.729611,2024,EU,DT CPU,-0.38643670916272066,0.6393878929031724
Nxpower (uk) Limited,0,circle,21.055168,2024,EU,DT CPU,-0.2823600036315537,0.11965262423221759
Terg S.a.,0,circle,14.412397,2024,EU,DT CPU,-0.3958863427134421,0.5183862996322252
Arrow Central Europe GmbH,0,star,33.130466,2024,EU,DT CPU,-0.22910280467375194,-0.036341175369140354
"Inforlandia, S.a.",0,circle,41.522305,2024,EU,DT CPU,-0.09407284193790279,-0.3545310330297926
Scan Computers International Limited,0,circle,18.775982,2024,EU,DT CPU,-0.5418877682246509,-0.07374209383265001
Tarox Marketplace Gmbh,0,circle,11.533945,2024,EU,DT CPU,0.06779447753095037,0.060616218908557555
Wortmann Ag,0,circle,49.204205,2024,EU,DT CPU,-0.553917481080365,0.1819800314990902
EASTRONICS,0,star,10.0,2024,EU,DT CPU,-0.204551717235827,0.21893640201418074
Visionix Limited,0,circle,10.381545,2024,EU,DT CPU,-0.2978426567306554,-0.03216854357994101
EBV Elektronik GmbH & Co. KG,0,star,23.609802,2024,EU,DT CPU,-0.2641271775438891,0.019529081006492515
Datapath Limited,0,circle,10.573216,2024,EU,DT CPU,-0.4867428381839204,0.1685462752706531
Diebold Nixdorf,0,circle,34.066704,2024,EU,DT CPU,-0.04917655896858806,-0.14036091344707385
Elko Grupa AS,0,star,10.755421,2024,EU,DT CPU,0.437235769772853,0.48695893000217116
Exertis Hammer Limited,0,star,13.621875,2024,EU,DT CPU,-0.9226529883862664,-0.043806759025491096
Ingram Micro Pan Europe GmbH,1,star,60.0,2024,EU,DT CPU,-0.36041141418926254,-0.2545643603799002
Aseuropa Sl,0,circle,10.0,2024,EU,DT CPU,-0.6575548375723733,-0.13704349947568095
Bluechip Computer Aktiengesell,0,circle,14.019323,2024,EU,DT CPU,-0.3306963096142062,-0.4398456181097569
Depau Sistemas Sl,0,circle,21.350798,2024,EU,DT CPU,0.03345929960318199,-0.26850501733388843
Development Systems And Management Sa,0,circle,13.108741,2024,EU,DT CPU,-0.39196301013132884,-0.6140986112008704
Groupe Ldlc,0,circle,35.421165,2024,EU,DT CPU,-0.6756094617074752,-0.26825318714844876
Infortisa Sl,0,circle,13.553802,2024,EU,DT CPU,-0.20369990702019378,-0.5068390974403315
Infowork Technology,0,circle,11.752087,2024,EU,DT CPU,-0.25102547930811897,-0.598782338005703
Pc Specialist Limited,0,circle,47.341125,2024,EU,DT CPU,-0.6722525798928377,-0.3903445248024647
Stone Technologies Limited,0,circle,26.814528,2024,EU,DT CPU,-0.6122518586930922,-0.49921979176453646
MCR,0,star,30.517654,2024,EU,DT CPU,-0.018544746736932696,-0.6354273700633821
Aseuropa,0,circle,16.011024,2024,EU,DT CPU,-0.1419281844238008,-0.9470848351245059
Binary Systems Sl,0,circle,11.473111,2024,EU,DT CPU,0.052641767706553204,-0.9370462436550805
Pc Componentes Y Multimedia S.l.,0,circle,27.796911,2024,EU,DT CPU,0.21427622370694047,-0.8554719683745279
Rutronik,0,star,30.39988,2024,EU,DT CPU,0.053154987174276115,-0.5037698693677801
Sas Groupe Cybertek,0,circle,11.449646,2024,EU,DT CPU,0.3080413030034955,-0.7373246180684213
TD SYNNEX Supply Chain Services,1,star,30.72206,2024,EU,DT CPU,0.2823264472568373,-0.0184830663597185
3w Computer,0,circle,13.422951,2024,EU,DT CPU,0.46541171114656515,-0.26510342951586324
Action Sp?ka Akcyjna,0,circle,22.219883,2024,EU,DT CPU,0.48619983274922524,-0.13249498403510146
Priminfo,0,circle,12.143617,2024,EU,DT CPU,0.5914098037990299,0.02134038848557696
Tekno Service Sl,0,circle,11.826696,2024,EU,DT CPU,0.47395617753415575,0.10310203297223487
WPG Electronics (SA) Pte.Ltd,0,star,18.27922,2024,EU,DT CPU,0.2401089896169385,-0.1792334214832786
Diebold Nixdorf Technology Gmb,0,circle,25.179335,2024,EU,DT CPU,0.2874536989822295,0.0844243243453952
